{
  "timestamp": "2025-12-02T06:00:49.487535+00:00",
  "fractal_depth": 9600,
  "coherence_score": 0.956417983727237,
  "computational_power": 0.007803007865695299,
  "consciousness_chambers": 15,
  "resonance_stability": 0.9991128679386948,
  "entropy_control": 0.002558004449803919,
  "quantum_entanglement": 0.5772717738280033,
  "proof_hash": "12563e48e5fbfe51deb5cae419082f43dafe02014070d17b275795980361ff63"
}